team,matches,xg_for,xg_for_rank,xg_against,xg_against_rank,possession_avg,possession_avg_rank,poss_won_final_third,poss_won_final_third_rank,interceptions,interceptions_rank,tackles,tackles_rank,touches_opp_box,touches_opp_box_rank,big_chances,big_chances_rank,clean_sheets,clean_sheets_rank,accurate_passes,accurate_passes_rank
France,8.0,17.5,1.0,8.3,44.0,55.7,9.0,4.6,6.0,8.5,12.0,14.5,20.0,253.0,2.0,33.0,1.0,4.0,4.0,468.8,10.0
Spain,8.0,15.6,2.0,2.4,1.0,64.0,2.0,6.1,1.0,7.9,18.0,15.9,16.0,271.0,1.0,24.0,3.0,7.0,1.0,597.5,1.0
Argentina,8.0,14.6,3.0,6.2,29.0,57.5,6.0,2.9,20.0,10.0,5.0,19.9,2.0,202.0,6.0,22.0,4.0,2.0,16.0,570.4,4.0
England,8.0,14.3,4.0,9.3,48.0,54.1,13.0,3.4,15.0,6.3,30.0,15.9,16.0,235.0,3.0,33.0,1.0,2.0,16.0,431.8,15.0
Brazil,5.0,12.0,5.0,4.0,14.0,52.9,16.0,3.6,13.0,9.6,8.0,18.6,5.0,149.0,9.0,22.0,6.0,2.0,9.0,475.8,9.0
Belgium,6.0,10.9,6.0,8.1,41.0,51.1,20.0,2.3,26.0,8.2,16.0,14.3,23.0,222.0,4.0,15.0,11.0,1.0,27.0,427.5,17.0
Norway,6.0,10.1,7.0,9.2,47.0,52.2,17.0,2.8,21.0,7.2,23.0,16.5,13.0,144.0,10.0,22.0,5.0,,,438.2,14.0
Switzerland,6.0,9.7,8.0,6.2,28.0,54.1,14.0,4.5,7.0,8.5,13.0,14.3,23.0,157.0,8.0,16.0,8.0,2.0,14.0,452.0,11.0
Canada,5.0,9.7,9.0,3.3,6.0,54.2,12.0,5.0,4.0,7.2,24.0,15.8,18.0,215.0,5.0,16.0,10.0,2.0,9.0,333.2,25.0
Senegal,4.0,8.8,10.0,5.9,27.0,55.4,11.0,4.5,8.0,7.8,19.0,13.5,27.0,120.0,17.0,16.0,8.0,1.0,22.0,478.3,7.0
Morocco,6.0,8.5,11.0,7.8,40.0,59.0,4.0,2.7,23.0,7.3,21.0,17.3,10.0,121.0,16.0,17.0,7.0,2.0,14.0,522.8,5.0
Germany,4.0,8.3,12.0,3.3,5.0,65.2,1.0,6.0,2.0,7.0,26.0,19.5,3.0,159.0,7.0,15.0,12.0,,,587.8,2.0
Colombia,5.0,7.4,13.0,3.1,4.0,57.4,7.0,3.0,18.0,8.0,17.0,12.8,31.0,125.0,14.0,15.0,13.0,4.0,2.0,477.6,8.0
Portugal,5.0,7.0,14.0,5.8,25.0,58.3,5.0,4.0,10.0,6.8,29.0,13.6,26.0,108.0,19.0,13.0,15.0,2.0,9.0,516.0,6.0
Mexico,5.0,6.7,15.0,3.9,11.0,52.1,18.0,3.4,16.0,7.0,25.0,12.8,31.0,98.0,20.0,13.0,14.0,4.0,2.0,362.4,23.0
Turkiye,3.0,6.6,16.0,3.6,8.0,,,,,,,,,123.0,15.0,12.0,17.0,,,,
USA,5.0,6.1,17.0,6.2,29.0,56.8,8.0,3.0,17.0,10.8,3.0,15.0,19.0,144.0,10.0,12.0,16.0,2.0,9.0,431.8,16.0
Egypt,5.0,6.0,18.0,8.2,42.0,51.6,19.0,2.8,22.0,9.2,10.0,18.4,8.0,129.0,13.0,10.0,18.0,,,439.2,12.0
Ecuador,4.0,5.9,19.0,3.7,10.0,55.6,10.0,3.5,14.0,9.5,9.0,19.3,4.0,98.0,20.0,10.0,20.0,1.0,22.0,413.3,19.0
Netherlands,4.0,5.5,20.0,3.6,8.0,53.0,15.0,5.3,3.0,9.0,11.0,13.3,28.0,114.0,18.0,6.0,27.0,,,438.8,13.0
Ivory Coast,4.0,5.5,21.0,5.3,20.0,49.8,22.0,4.3,9.0,10.0,6.0,18.5,6.0,131.0,12.0,10.0,19.0,2.0,5.0,415.3,18.0
Algeria,4.0,4.6,22.0,5.8,26.0,61.2,3.0,4.0,11.0,8.3,14.0,18.5,6.0,81.0,24.0,8.0,24.0,,,577.0,3.0
Japan,4.0,4.2,23.0,3.5,7.0,46.5,24.0,1.3,32.0,5.3,32.0,13.0,29.0,57.0,31.0,6.0,28.0,1.0,22.0,361.3,24.0
DR Congo,4.0,4.2,24.0,4.0,15.0,39.7,29.0,1.8,29.0,5.5,31.0,18.0,9.0,61.0,30.0,5.0,29.0,,,280.0,31.0
Uruguay,3.0,4.2,25.0,2.4,2.0,,,,,,,,,87.0,22.0,5.0,31.0,,,,
Croatia,4.0,4.1,26.0,6.6,33.0,49.8,21.0,2.5,25.0,7.0,26.0,16.5,14.0,62.0,29.0,9.0,21.0,1.0,22.0,400.5,20.0
Iran,3.0,4.1,27.0,3.9,11.0,,,,,,,,,66.0,28.0,8.0,25.0,1.0,18.0,,
South Korea,3.0,4.1,28.0,2.5,3.0,,,,,,,,,53.0,32.0,8.0,26.0,,,,
Austria,4.0,4.0,29.0,7.3,38.0,45.1,27.0,2.0,27.0,10.0,6.0,14.0,25.0,74.0,26.0,9.0,21.0,,,379.8,22.0
Sweden,4.0,3.7,30.0,7.3,39.0,46.1,25.0,3.8,12.0,7.0,26.0,13.0,29.0,75.0,25.0,8.0,23.0,,,307.3,28.0
Cape Verde,4.0,3.0,31.0,7.1,36.0,37.0,30.0,3.0,19.0,12.5,1.0,17.0,11.0,51.0,34.0,3.0,38.0,2.0,5.0,300.0,29.0
Australia,4.0,2.9,32.0,4.0,13.0,41.0,28.0,4.8,5.0,7.3,22.0,14.5,21.0,86.0,23.0,1.0,46.0,2.0,5.0,315.3,27.0
New Zealand,3.0,2.7,33.0,7.0,35.0,,,,,,,,,44.0,38.0,5.0,30.0,,,,
South Africa,4.0,2.7,34.0,4.8,18.0,47.8,23.0,2.0,28.0,11.5,2.0,16.8,12.0,43.0,39.0,2.0,41.0,1.0,22.0,380.8,21.0
Scotland,3.0,2.6,35.0,6.4,31.0,,,,,,,,,68.0,27.0,4.0,36.0,1.0,18.0,,
Haiti,3.0,2.5,36.0,6.6,34.0,,,,,,,,,48.0,36.0,2.0,41.0,,,,
Czechia,3.0,2.4,37.0,5.4,23.0,,,,,,,,,42.0,40.0,4.0,33.0,,,,
Ghana,4.0,2.3,38.0,4.5,16.0,36.3,31.0,1.8,30.0,7.5,20.0,16.0,15.0,41.0,41.0,4.0,33.0,2.0,5.0,283.3,30.0
Bosnia and Herzegovina,4.0,2.1,39.0,5.0,19.0,45.7,26.0,2.5,24.0,8.3,14.0,14.5,21.0,50.0,35.0,3.0,37.0,,,319.5,26.0
Jordan,3.0,1.9,40.0,5.7,24.0,,,,,,,,,38.0,43.0,2.0,40.0,,,,
Panama,3.0,1.9,41.0,4.5,17.0,,,,,,,,,52.0,33.0,3.0,39.0,,,,
Paraguay,5.0,1.6,42.0,7.2,37.0,29.7,32.0,1.4,31.0,10.8,3.0,26.4,1.0,46.0,37.0,4.0,32.0,2.0,9.0,183.2,32.0
Qatar,3.0,1.6,43.0,8.5,46.0,,,,,,,,,25.0,47.0,4.0,33.0,,,,
Uzbekistan,3.0,1.6,43.0,6.4,32.0,,,,,,,,,18.0,48.0,1.0,47.0,,,,
Iraq,3.0,1.6,45.0,8.2,43.0,,,,,,,,,30.0,45.0,2.0,44.0,,,,
Curacao,3.0,1.4,46.0,8.4,45.0,,,,,,,,,40.0,42.0,,,1.0,18.0,,
Saudi Arabia,3.0,1.2,47.0,5.4,22.0,,,,,,,,,32.0,44.0,2.0,44.0,1.0,18.0,,
Tunisia,3.0,0.9,48.0,5.3,21.0,,,,,,,,,29.0,46.0,2.0,41.0,,,,
