player,x,y
rodri,73.1,39.5
rodri,40.8,38.5
rodri,35.2,41.0
rodri,53.6,21.2
rodri,35.2,39.7
rodri,49.4,30.9
rodri,46.1,39.2
rodri,43.1,21.6
rodri,51.4,32.1
rodri,61.3,11.7
rodri,47.2,34.4
rodri,29.0,48.9
rodri,63.1,26.9
rodri,56.1,19.0
rodri,69.0,38.1
rodri,42.3,47.9
rodri,70.1,28.9
rodri,57.4,17.5
rodri,44.6,36.5
rodri,59.9,48.4
rodri,52.0,37.7
rodri,45.4,28.3
rodri,51.4,51.1
rodri,42.6,35.2
rodri,50.2,45.3
rodri,29.7,40.4
rodri,57.2,32.2
rodri,54.0,35.0
rodri,44.8,24.9
rodri,60.2,24.7
rodri,55.0,44.0
rodri,63.0,26.6
rodri,75.0,31.2
rodri,63.9,23.1
rodri,45.2,44.0
rodri,57.7,32.1
rodri,38.1,41.6
rodri,28.6,38.5
rodri,41.3,20.1
rodri,61.7,28.7
rodri,29.0,26.0
rodri,46.9,5.1
rodri,50.4,36.7
rodri,56.4,28.0
rodri,29.5,40.3
rodri,24.3,44.3
rodri,52.6,20.9
rodri,51.8,45.2
rodri,46.0,31.5
rodri,26.0,42.3
rodri,60.8,27.6
rodri,74.4,15.9
rodri,41.4,34.0
rodri,44.2,9.6
rodri,63.8,29.7
rodri,48.1,56.3
rodri,57.9,33.5
rodri,40.5,41.4
rodri,46.2,37.9
rodri,62.7,25.5
rodri,57.0,44.1
rodri,63.3,9.8
rodri,47.9,24.2
rodri,55.5,43.6
rodri,62.9,32.3
rodri,59.2,33.9
rodri,20.7,29.7
rodri,40.9,39.2
rodri,55.0,36.7
rodri,36.1,46.8
rodri,60.2,52.5
rodri,60.3,45.4
rodri,43.2,26.3
rodri,37.0,36.0
rodri,67.2,26.7
rodri,54.1,21.5
rodri,32.2,42.6
rodri,39.1,26.8
rodri,57.8,40.6
rodri,47.4,31.7
rodri,53.4,26.9
rodri,38.6,48.7
rodri,56.5,8.6
rodri,52.8,36.9
rodri,62.6,37.6
rodri,52.3,31.7
rodri,50.8,41.7
rodri,67.4,4.3
rodri,46.9,41.9
rodri,81.0,31.7
rodri,35.3,26.0
rodri,64.5,32.8
rodri,53.0,20.4
rodri,67.7,31.6
rodri,59.2,25.2
rodri,66.2,45.2
rodri,27.8,39.4
rodri,49.9,46.7
rodri,53.8,31.2
rodri,34.6,44.4
rodri,35.5,52.3
rodri,49.8,18.9
rodri,66.3,29.7
rodri,75.6,37.9
rodri,30.3,27.9
rodri,48.6,31.8
rodri,51.9,27.9
rodri,46.9,44.0
rodri,74.7,22.9
rodri,45.0,32.7
rodri,30.5,43.4
rodri,66.2,34.7
rodri,36.9,47.0
rodri,47.6,49.3
rodri,58.1,33.1
rodri,34.1,37.4
rodri,70.8,30.5
rodri,58.3,35.4
rodri,56.7,26.5
rodri,39.6,41.1
rodri,43.3,38.3
rodri,63.5,33.0
rodri,38.8,22.8
rodri,28.8,45.5
rodri,54.6,35.2
rodri,17.9,19.2
rodri,58.3,14.0
rodri,70.4,29.1
rodri,58.4,29.4
rodri,35.6,23.6
rodri,23.3,34.2
rodri,64.5,27.9
rodri,44.3,24.6
rodri,51.3,9.5
rodri,47.9,24.1
rodri,41.4,36.2
rodri,45.5,35.6
rodri,64.2,47.7
rodri,56.4,46.5
rodri,55.3,43.0
rodri,44.6,39.0
rodri,28.1,54.9
rodri,55.3,35.9
rodri,33.7,27.1
rodri,47.2,46.8
rodri,46.4,37.9
rodri,21.1,46.1
rodri,47.2,36.0
rodri,36.9,47.5
rodri,41.7,53.5
rodri,24.9,24.9
rodri,45.2,36.5
rodri,41.4,51.9
rodri,61.0,41.0
rodri,35.4,36.0
rodri,56.1,26.9
rodri,35.7,52.5
rodri,50.7,44.6
rodri,73.6,14.5
rodri,40.9,36.9
rodri,66.5,45.1
rodri,72.9,24.6
rodri,66.2,39.7
rodri,64.9,24.7
rodri,31.2,42.0
rodri,66.1,40.2
rodri,51.8,24.4
rodri,35.3,44.0
rodri,40.7,24.9
rodri,49.0,42.8
rodri,41.9,46.0
rodri,41.0,25.4
rodri,69.7,33.4
rodri,57.5,28.6
rodri,57.4,37.8
rodri,44.0,40.8
rodri,20.9,46.3
rodri,86.9,34.5
rodri,46.9,28.6
rodri,67.7,24.1
rodri,37.4,12.7
rodri,51.2,31.1
rodri,44.9,34.0
rodri,52.2,31.7
rodri,34.0,32.8
rodri,44.3,16.9
rodri,32.2,28.1
rodri,53.8,32.3
rodri,55.5,29.5
rodri,42.7,8.1
rodri,58.6,22.4
rodri,58.2,23.1
rodri,44.6,39.6
rodri,57.2,41.8
rodri,32.3,46.5
rodri,51.0,23.4
rodri,36.8,40.8
rodri,64.5,30.5
rodri,68.4,41.7
rodri,20.5,23.6
rodri,43.9,28.4
rodri,54.2,47.8
rodri,35.3,51.3
rodri,65.2,33.4
rodri,37.7,41.4
rodri,53.8,18.4
rodri,46.1,17.3
rodri,56.2,28.0
rodri,24.4,21.4
rodri,55.6,49.4
rodri,30.0,35.2
rodri,36.4,30.2
rodri,60.8,37.1
rodri,53.5,38.9
rodri,55.5,12.4
rodri,41.9,39.3
rodri,64.4,37.5
rodri,53.4,40.9
rodri,47.1,34.0
rodri,46.6,33.1
rodri,74.3,25.6
rodri,39.3,20.9
rodri,56.7,39.6
rodri,41.7,32.3
rodri,15.1,27.1
rodri,42.4,35.7
rodri,46.8,26.7
rodri,70.9,43.4
rodri,67.7,40.8
rodri,52.7,43.9
rodri,33.0,24.3
rodri,64.8,42.6
rodri,59.4,36.2
rodri,50.9,20.3
rodri,60.2,44.8
rodri,47.7,23.3
rodri,46.7,42.7
rodri,56.3,22.3
rodri,60.8,40.0
rodri,31.1,34.7
rodri,49.1,29.8
rodri,56.8,34.0
rodri,50.1,43.3
rodri,25.8,34.2
rodri,63.3,33.0
rodri,66.3,19.5
rodri,66.8,38.5
rodri,66.2,24.8
rodri,50.3,47.3
rodri,47.8,36.0
rodri,63.5,15.3
rodri,36.3,45.5
rodri,41.6,33.6
rodri,47.6,18.2
rodri,58.5,20.5
rodri,53.5,32.7
rodri,34.6,40.5
rodri,45.5,46.5
rodri,55.3,28.5
rodri,36.8,19.4
rodri,60.4,23.0
rodri,30.6,43.0
rodri,30.5,38.8
rodri,37.0,22.6
rodri,53.6,22.3
rodri,51.1,48.2
rodri,56.8,38.6
rodri,40.0,31.6
rodri,61.0,29.3
rodri,49.6,21.8
rodri,55.4,29.0
rodri,45.6,41.9
rodri,37.8,44.1
rodri,29.1,26.1
rodri,33.6,38.9
rodri,31.8,26.6
rodri,67.8,32.6
rodri,71.1,35.3
rodri,46.3,35.7
rodri,46.1,40.8
rodri,57.0,42.8
rodri,50.9,19.6
rodri,30.9,28.6
rodri,45.9,21.4
rodri,35.5,44.5
rodri,70.2,24.1
rodri,54.6,20.6
rodri,38.6,34.4
rodri,30.9,33.3
rodri,62.3,20.5
rodri,38.5,38.6
rodri,64.9,36.2
rodri,48.9,28.4
rodri,60.3,35.3
rodri,35.7,35.1
rodri,52.5,6.7
rodri,34.7,29.5
rodri,41.2,18.0
rodri,42.6,37.6
rodri,46.7,31.7
rodri,20.8,38.4
rodri,31.7,28.7
rodri,61.5,38.0
rodri,46.8,41.9
rodri,40.8,36.4
rodri,41.5,38.8
rodri,38.8,31.4
rodri,24.6,39.2
rodri,52.8,34.5
rodri,54.4,30.2
rodri,47.5,33.6
rodri,72.0,20.3
rodri,73.2,26.0
rodri,33.9,41.6
rodri,54.6,33.0
rodri,50.0,47.1
rodri,63.1,42.7
rodri,56.1,32.3
rodri,77.4,28.4
rodri,64.8,20.1
rodri,30.3,49.7
rodri,70.9,37.6
rodri,28.1,26.6
rodri,56.7,30.5
rodri,67.2,29.5
rodri,63.7,36.8
rodri,51.2,44.9
rodri,38.6,37.2
rodri,31.9,34.2
rodri,66.7,44.2
rodri,42.7,49.9
rodri,52.1,46.8
rodri,36.4,32.0
rodri,52.2,23.5
rodri,38.6,21.2
rodri,56.0,28.9
rodri,50.8,38.6
rodri,57.7,29.7
rodri,49.1,37.7
rodri,64.5,22.6
rodri,38.4,30.1
rodri,65.9,15.4
rodri,61.2,25.8
rodri,31.8,45.2
rodri,54.1,24.0
rodri,64.4,32.1
rodri,51.3,16.6
rodri,57.4,40.3
rodri,65.0,24.8
rodri,49.4,66.7
rodri,39.0,43.7
rodri,50.5,22.3
rodri,69.7,55.8
rodri,56.6,23.6
rodri,28.2,34.6
rodri,37.8,29.6
rodri,37.9,42.6
rodri,35.6,33.2
rodri,46.3,38.8
rodri,26.8,38.2
rodri,59.8,38.5
rodri,40.1,41.7
rodri,48.7,22.8
rodri,40.9,4.7
rodri,54.5,28.4
rodri,45.8,31.9
rodri,61.3,31.7
rodri,77.0,30.7
rodri,68.4,24.0
rodri,40.5,41.7
rodri,56.7,14.0
rodri,29.6,37.7
rodri,58.6,27.2
rodri,51.8,30.2
rodri,54.5,51.9
rodri,47.0,31.6
rodri,62.3,39.9
rodri,60.4,44.0
rodri,23.1,39.8
rodri,32.6,23.9
rodri,70.8,30.1
rodri,30.4,50.6
rodri,60.4,19.5
rodri,38.2,28.6
rodri,50.2,31.4
rodri,14.5,40.8
rodri,62.5,37.3
rodri,55.4,33.6
rodri,27.9,32.4
rodri,49.0,34.0
rodri,47.6,47.3
rodri,56.8,33.9
rodri,52.2,35.4
rodri,53.1,16.5
rodri,32.3,48.7
rodri,56.6,36.1
rodri,65.0,2.5
rodri,24.7,34.5
rodri,52.3,25.8
rodri,33.5,33.3
rodri,52.5,12.3
rodri,81.1,42.3
rodri,59.1,32.9
rodri,35.9,58.1
rodri,49.4,42.6
rodri,51.7,24.6
rodri,37.0,29.5
rodri,52.8,17.0
rodri,64.4,21.5
rodri,57.5,31.9
rodri,49.5,34.9
rodri,55.4,28.9
rodri,49.9,56.8
rodri,45.5,23.4
rodri,42.6,21.1
rodri,24.3,27.3
rodri,46.6,28.2
rodri,49.5,19.2
rodri,35.7,42.6
rodri,67.6,15.5
yamal,87.4,27.1
yamal,66.7,1.9
yamal,77.2,11.5
yamal,72.9,17.9
yamal,55.6,22.8
yamal,77.2,5.3
yamal,62.8,13.5
yamal,74.7,25.0
yamal,67.3,8.9
yamal,90.9,14.2
yamal,78.5,15.6
yamal,61.5,18.6
yamal,73.4,8.9
yamal,80.3,16.8
yamal,86.9,6.6
yamal,75.0,17.5
yamal,78.1,3.1
yamal,62.2,28.9
yamal,92.9,13.8
yamal,82.1,19.4
yamal,77.9,0.5
yamal,77.0,8.5
yamal,75.8,5.2
yamal,90.1,16.6
yamal,82.1,32.5
yamal,66.5,18.5
yamal,72.7,23.4
yamal,48.6,10.5
yamal,75.5,8.2
yamal,77.8,11.9
yamal,98.7,6.9
yamal,53.3,18.9
yamal,72.4,6.5
yamal,66.8,13.7
yamal,79.3,17.3
yamal,72.9,18.3
yamal,70.6,25.1
yamal,90.7,21.9
yamal,89.4,14.2
yamal,58.0,12.1
yamal,92.6,28.5
yamal,68.3,18.7
yamal,71.3,22.1
yamal,73.4,3.6
yamal,88.6,30.0
yamal,64.7,4.8
yamal,77.9,7.2
yamal,87.2,11.0
yamal,68.5,15.6
yamal,81.4,3.5
yamal,83.0,5.8
yamal,82.1,15.7
yamal,63.0,5.5
yamal,78.8,22.1
yamal,67.1,0.5
yamal,41.6,15.7
yamal,65.0,8.9
yamal,91.5,22.3
yamal,84.7,2.9
yamal,83.9,14.8
yamal,77.1,36.1
yamal,45.3,0.5
yamal,90.1,30.7
yamal,69.7,5.9
yamal,79.1,17.1
yamal,84.7,3.6
yamal,73.1,7.3
yamal,83.2,15.2
yamal,68.6,5.8
yamal,80.3,9.4
yamal,69.8,8.0
yamal,66.0,11.2
yamal,86.8,14.2
yamal,66.0,10.0
yamal,89.5,20.8
yamal,73.6,5.7
yamal,87.1,17.5
yamal,70.6,7.7
yamal,75.7,39.3
yamal,84.1,15.2
yamal,56.7,16.9
yamal,64.6,2.5
yamal,74.4,3.6
yamal,74.8,19.7
yamal,82.1,6.9
yamal,82.9,14.3
yamal,88.5,16.4
yamal,92.6,32.3
yamal,57.4,15.3
yamal,66.4,16.0
yamal,87.9,8.5
yamal,73.6,10.9
yamal,61.3,12.6
yamal,89.4,1.6
yamal,84.5,24.6
yamal,56.8,12.3
yamal,67.6,37.6
yamal,84.9,3.0
yamal,66.6,8.5
yamal,76.6,16.4
yamal,76.8,18.9
yamal,96.7,5.8
yamal,61.9,21.2
yamal,89.7,22.4
yamal,73.5,7.7
yamal,80.1,17.0
yamal,67.6,10.2
yamal,79.9,12.7
yamal,79.8,15.9
yamal,83.8,10.1
yamal,86.6,30.8
yamal,68.7,3.0
yamal,72.4,22.9
yamal,68.5,16.4
yamal,90.7,19.4
yamal,79.4,22.3
yamal,85.8,14.8
yamal,91.9,16.1
yamal,75.3,10.4
yamal,50.8,18.0
yamal,79.6,29.6
yamal,70.3,6.5
yamal,99.5,16.2
yamal,47.1,3.9
yamal,73.7,18.6
yamal,97.1,24.5
yamal,71.1,16.2
yamal,76.5,15.0
yamal,100.3,10.0
yamal,78.8,33.8
yamal,87.3,19.2
yamal,77.0,25.7
yamal,72.3,16.3
yamal,79.3,27.4
yamal,92.3,16.1
yamal,100.9,8.9
yamal,66.3,16.8
yamal,82.6,6.0
yamal,62.0,21.1
yamal,96.6,22.5
yamal,79.9,14.4
yamal,78.5,23.1
yamal,56.4,14.8
yamal,59.0,25.6
yamal,85.0,26.9
yamal,60.4,11.5
yamal,58.1,11.2
yamal,95.7,7.4
yamal,68.1,22.7
yamal,47.7,2.1
yamal,73.5,3.4
yamal,89.1,12.6
yamal,75.4,25.3
yamal,77.4,7.9
yamal,63.2,0.5
yamal,77.7,17.2
yamal,78.8,19.8
yamal,79.5,0.8
yamal,61.7,0.5
yamal,62.8,28.3
yamal,56.9,20.2
yamal,75.1,3.4
yamal,66.0,23.8
yamal,71.8,3.6
yamal,84.5,26.3
yamal,69.3,13.2
yamal,60.2,11.5
yamal,55.8,30.1
yamal,84.3,21.9
yamal,63.3,14.1
yamal,75.2,41.1
yamal,73.1,6.8
yamal,86.9,4.7
yamal,63.1,27.5
yamal,80.0,30.0
yamal,87.5,0.5
yamal,72.9,15.4
yamal,74.0,35.4
yamal,81.3,32.3
yamal,67.3,13.5
yamal,66.4,6.0
yamal,61.9,5.6
yamal,71.7,7.5
yamal,95.7,11.6
yamal,81.5,11.9
yamal,77.4,7.3
yamal,93.3,14.0
yamal,76.6,14.0
yamal,45.1,11.3
yamal,78.1,14.0
yamal,75.8,27.9
yamal,101.2,4.6
yamal,79.2,14.3
yamal,81.4,19.3
yamal,28.5,6.5
yamal,93.4,18.3
yamal,104.0,31.6
yamal,65.2,17.2
yamal,67.7,31.7
yamal,78.6,8.2
yamal,66.0,36.2
yamal,84.2,21.5
yamal,73.9,25.7
yamal,75.1,17.9
yamal,61.0,7.0
yamal,64.6,12.3
yamal,91.6,20.2
yamal,90.3,19.5
yamal,56.6,2.9
yamal,87.9,13.1
yamal,63.1,23.6
yamal,92.9,18.6
yamal,83.7,13.1
yamal,65.3,7.4
yamal,91.3,19.5
yamal,90.3,26.2
yamal,53.8,19.9
yamal,58.9,11.1
yamal,79.5,10.1
yamal,79.9,7.6
yamal,82.9,19.3
yamal,61.9,9.2
yamal,81.2,5.8
yamal,53.5,12.3
yamal,82.4,9.1
yamal,81.8,20.6
yamal,84.6,29.0
yamal,64.7,14.8
yamal,75.9,23.6
yamal,54.3,8.1
yamal,88.4,13.4
yamal,70.5,10.6
yamal,81.8,10.3
yamal,78.7,6.2
yamal,97.0,19.7
yamal,57.0,2.9
yamal,57.5,6.2
yamal,91.4,12.3
yamal,71.6,9.7
yamal,92.2,11.6
yamal,77.5,21.9
yamal,81.4,16.2
yamal,74.2,8.5
yamal,68.9,13.4
yamal,81.3,10.4
yamal,69.7,28.7
yamal,78.6,28.9
yamal,71.7,3.6
yamal,60.5,9.2
yamal,90.3,14.6
yamal,71.8,5.5
yamal,84.1,6.6
yamal,64.0,0.8
yamal,75.4,17.2
yamal,65.9,14.9
yamal,93.4,11.6
yamal,71.5,16.6
yamal,89.2,16.5
yamal,60.9,16.7
yamal,66.6,4.7
yamal,88.8,21.3
yamal,94.1,18.4
yamal,70.9,11.1
yamal,95.1,28.6
yamal,69.7,33.0
yamal,43.8,12.8
yamal,98.0,18.8
yamal,82.3,16.2
yamal,85.9,11.4
yamal,53.5,0.5
yamal,46.9,11.6
yamal,67.5,15.2
yamal,95.8,11.3
yamal,59.9,14.4
yamal,100.2,21.2
yamal,84.0,26.0
yamal,91.7,3.5
yamal,74.3,16.9
yamal,89.5,14.2
yamal,74.7,5.5
yamal,63.1,12.7
yamal,64.8,10.1
yamal,49.4,16.8
yamal,74.1,9.2
yamal,77.0,21.3
yamal,73.2,5.9
yamal,81.7,16.1
yamal,94.2,11.8
yamal,79.8,5.1
yamal,64.2,38.9
yamal,54.6,26.3
yamal,79.1,18.7
yamal,57.6,9.1
yamal,74.7,9.7
yamal,61.6,13.3
yamal,71.2,31.3
yamal,93.1,22.7
yamal,62.0,25.6
yamal,61.0,13.8
yamal,63.2,15.0
yamal,63.9,32.8
yamal,83.2,0.5
yamal,63.6,32.9
yamal,91.3,25.6
yamal,74.6,10.4
yamal,79.6,15.4
yamal,93.8,18.2
yamal,63.0,13.8
yamal,83.5,16.7
yamal,69.0,6.8
yamal,52.7,34.5
yamal,68.9,9.3
yamal,73.6,9.7
yamal,93.9,16.4
yamal,72.5,13.0
yamal,73.6,17.6
yamal,61.4,14.1
yamal,65.0,15.7
yamal,74.1,22.9
yamal,89.5,12.1
yamal,67.5,8.6
yamal,70.4,16.9
yamal,98.8,11.0
yamal,87.9,25.2
yamal,74.8,13.7
yamal,74.8,15.1
yamal,57.6,14.6
yamal,94.6,17.8
yamal,93.6,20.0
yamal,77.2,8.4
yamal,70.3,0.5
yamal,84.2,18.0
yamal,71.1,5.1
yamal,77.0,8.7
yamal,61.3,7.0
yamal,101.0,23.7
yamal,58.0,8.4
yamal,68.1,15.6
yamal,73.7,11.2
yamal,90.7,16.1
yamal,80.3,0.5
yamal,68.2,0.5
yamal,55.3,10.9
yamal,83.8,23.5
yamal,61.3,16.7
yamal,75.0,17.0
yamal,93.0,32.3
yamal,60.9,7.3
yamal,55.4,13.3
yamal,52.6,21.2
yamal,71.4,6.9
yamal,73.4,23.8
yamal,61.3,19.2
yamal,76.2,16.8
yamal,85.4,13.4
yamal,78.7,7.4
yamal,87.0,11.1
yamal,79.1,16.7
yamal,61.3,18.6
yamal,52.3,23.4
yamal,80.1,14.6
yamal,66.7,39.6
yamal,80.6,13.1
yamal,70.0,7.3
yamal,52.3,4.3
yamal,79.9,9.8
yamal,77.4,39.4
yamal,61.8,20.1
yamal,82.5,18.2
yamal,86.9,24.1
yamal,83.0,18.7
yamal,71.3,7.0
yamal,74.9,18.8
yamal,92.7,4.0
yamal,91.4,19.5
yamal,86.1,23.5
yamal,96.2,14.3
yamal,73.1,7.0
yamal,82.8,12.4
yamal,89.1,19.3
yamal,62.6,18.2
yamal,99.6,29.0
yamal,68.9,2.4
yamal,64.3,0.5
yamal,90.7,11.2
yamal,92.7,14.2
yamal,94.6,24.3
yamal,89.0,23.1
yamal,64.9,0.5
yamal,72.2,13.5
yamal,64.6,14.7
yamal,91.9,20.5
yamal,80.2,10.2
yamal,61.1,4.8
yamal,71.1,16.1
yamal,82.9,6.2
yamal,62.6,18.1
yamal,43.2,11.3
yamal,86.8,21.4
yamal,63.0,13.5
yamal,63.1,9.0
yamal,87.0,23.4
yamal,79.9,17.5
yamal,85.9,3.0
yamal,88.1,22.7
yamal,84.1,30.2
yamal,53.4,4.6
yamal,59.7,7.9
yamal,72.9,8.5
yamal,55.4,10.8
yamal,95.8,15.2
yamal,92.0,15.4
yamal,69.5,18.9
yamal,75.6,36.9
yamal,85.5,13.9
yamal,59.7,15.0
yamal,98.0,26.6
yamal,69.1,6.1
yamal,64.1,17.5
yamal,73.8,34.4
oyarzabal,82.9,24.7
oyarzabal,81.8,31.5
oyarzabal,80.6,35.5
oyarzabal,83.1,32.8
oyarzabal,89.7,53.6
oyarzabal,87.8,32.9
oyarzabal,76.5,32.6
oyarzabal,72.7,28.9
oyarzabal,77.4,25.8
oyarzabal,73.4,23.7
oyarzabal,84.7,23.7
oyarzabal,55.3,35.1
oyarzabal,55.1,35.5
oyarzabal,70.6,37.3
oyarzabal,77.4,17.2
oyarzabal,84.3,19.9
oyarzabal,80.8,48.7
oyarzabal,66.4,25.3
oyarzabal,78.7,15.7
oyarzabal,94.7,35.6
oyarzabal,60.5,36.1
oyarzabal,62.7,24.1
oyarzabal,74.7,46.5
oyarzabal,96.8,33.3
oyarzabal,84.7,32.2
oyarzabal,78.5,41.1
oyarzabal,86.0,35.2
oyarzabal,95.0,26.5
oyarzabal,86.8,28.7
oyarzabal,76.1,32.6
oyarzabal,37.8,33.1
oyarzabal,81.8,46.8
oyarzabal,85.1,38.8
oyarzabal,95.3,34.4
oyarzabal,69.7,22.0
oyarzabal,55.9,30.5
oyarzabal,92.5,21.6
oyarzabal,85.1,28.1
oyarzabal,87.5,29.5
oyarzabal,54.2,25.5
oyarzabal,70.4,24.2
oyarzabal,61.2,24.3
oyarzabal,89.4,30.1
oyarzabal,82.6,17.4
oyarzabal,92.9,26.1
oyarzabal,75.5,45.6
oyarzabal,45.2,22.8
oyarzabal,86.4,40.1
oyarzabal,58.4,10.4
oyarzabal,88.4,27.3
oyarzabal,60.2,7.5
oyarzabal,52.5,23.5
oyarzabal,79.1,28.7
oyarzabal,65.5,13.7
oyarzabal,94.4,41.2
oyarzabal,81.3,33.8
oyarzabal,63.3,26.3
oyarzabal,88.6,25.1
oyarzabal,73.0,20.5
oyarzabal,89.7,46.7
oyarzabal,79.2,41.1
oyarzabal,72.5,21.8
oyarzabal,62.8,51.5
oyarzabal,70.4,38.1
oyarzabal,85.5,29.1
oyarzabal,80.8,43.3
oyarzabal,85.1,61.6
oyarzabal,73.8,39.3
oyarzabal,103.5,21.7
oyarzabal,82.1,42.8
oyarzabal,77.8,35.0
oyarzabal,82.5,47.6
oyarzabal,73.5,34.1
oyarzabal,82.9,33.1
oyarzabal,93.2,37.1
oyarzabal,86.5,32.6
oyarzabal,83.0,24.6
oyarzabal,65.9,40.8
oyarzabal,50.1,16.5
oyarzabal,67.3,38.6
oyarzabal,81.9,29.5
oyarzabal,77.9,28.8
oyarzabal,87.4,34.6
oyarzabal,98.5,36.1
oyarzabal,96.7,24.4
oyarzabal,95.0,31.4
oyarzabal,73.7,49.0
oyarzabal,104.5,33.9
oyarzabal,96.4,30.0
oyarzabal,56.7,26.5
oyarzabal,51.1,28.4
oyarzabal,103.8,17.7
oyarzabal,83.0,48.7
oyarzabal,82.7,41.0
oyarzabal,74.1,14.5
oyarzabal,92.6,46.3
oyarzabal,85.4,19.9
oyarzabal,87.1,50.0
oyarzabal,79.0,44.9
oyarzabal,99.3,30.7
oyarzabal,77.5,25.5
oyarzabal,70.4,25.7
oyarzabal,76.2,38.5
oyarzabal,62.6,12.1
oyarzabal,65.8,30.9
oyarzabal,92.1,44.2
oyarzabal,65.8,23.2
oyarzabal,82.5,30.6
oyarzabal,85.7,29.8
oyarzabal,65.5,26.4
oyarzabal,79.1,39.0
oyarzabal,84.3,36.0
oyarzabal,91.9,28.8
oyarzabal,88.0,24.8
oyarzabal,71.8,44.7
oyarzabal,78.4,38.4
oyarzabal,82.3,35.9
oyarzabal,58.4,37.1
oyarzabal,89.6,46.8
oyarzabal,93.4,35.0
oyarzabal,68.0,23.6
oyarzabal,89.4,27.8
oyarzabal,90.4,32.3
oyarzabal,91.5,32.6
oyarzabal,72.5,8.1
oyarzabal,104.5,38.2
oyarzabal,92.0,46.5
oyarzabal,69.5,34.3
oyarzabal,93.7,45.8
oyarzabal,62.9,19.8
oyarzabal,76.5,43.5
oyarzabal,70.7,26.8
oyarzabal,71.8,26.1
oyarzabal,73.8,48.7
oyarzabal,40.2,28.3
oyarzabal,77.7,32.5
oyarzabal,81.2,44.3
oyarzabal,89.6,18.4
oyarzabal,79.8,30.7
oyarzabal,91.4,34.4
oyarzabal,74.7,42.7
oyarzabal,87.4,45.2
oyarzabal,79.1,31.5
oyarzabal,77.6,18.6
oyarzabal,86.2,39.2
oyarzabal,85.4,17.1
oyarzabal,88.2,34.1
oyarzabal,64.3,35.8
oyarzabal,104.2,20.2
oyarzabal,102.3,37.9
oyarzabal,88.1,21.4
oyarzabal,80.7,49.3
oyarzabal,87.8,28.4
oyarzabal,66.2,15.8
oyarzabal,85.2,49.1
oyarzabal,95.8,25.9
oyarzabal,90.8,62.4
oyarzabal,61.0,39.2
oyarzabal,77.5,51.1
oyarzabal,93.1,41.9
oyarzabal,75.0,9.4
oyarzabal,92.0,32.0
oyarzabal,68.4,23.4
oyarzabal,32.8,29.5
oyarzabal,68.7,27.9
oyarzabal,73.2,42.4
oyarzabal,85.1,26.2
oyarzabal,84.5,43.1
oyarzabal,84.1,26.6
oyarzabal,69.0,34.3
oyarzabal,57.9,24.8
oyarzabal,88.9,38.5
oyarzabal,80.1,48.0
oyarzabal,93.1,38.1
oyarzabal,81.9,35.4
oyarzabal,87.1,26.9
oyarzabal,93.9,42.3
oyarzabal,85.1,38.0
oyarzabal,83.1,43.5
oyarzabal,99.2,28.4
oyarzabal,82.6,25.1
oyarzabal,88.5,39.8
oyarzabal,74.0,52.5
oyarzabal,90.8,30.8
oyarzabal,63.5,23.9
oyarzabal,61.4,23.6
oyarzabal,61.3,29.4
oyarzabal,61.7,34.9
oyarzabal,54.0,13.7
oyarzabal,79.2,20.8
oyarzabal,80.5,35.5
oyarzabal,100.4,39.9
oyarzabal,80.8,53.3
oyarzabal,75.3,46.4
oyarzabal,86.0,28.4
oyarzabal,74.2,48.0
oyarzabal,46.4,14.7
oyarzabal,82.0,25.3
oyarzabal,94.6,31.1
oyarzabal,91.8,28.2
oyarzabal,75.9,37.3
oyarzabal,102.3,24.4
oyarzabal,74.1,20.4
oyarzabal,80.9,41.7
oyarzabal,92.6,35.3
oyarzabal,51.8,37.7
oyarzabal,52.4,32.4
oyarzabal,82.3,44.3
oyarzabal,91.2,42.7
oyarzabal,78.8,40.1
oyarzabal,58.5,24.0
oyarzabal,89.5,48.7
oyarzabal,65.0,18.5
oyarzabal,67.6,21.8
oyarzabal,78.9,23.1
oyarzabal,93.7,35.5
oyarzabal,79.9,32.8
oyarzabal,80.1,32.8
oyarzabal,83.5,39.6
oyarzabal,48.2,31.7
oyarzabal,59.0,39.3
oyarzabal,82.8,45.0
oyarzabal,85.3,34.5
oyarzabal,82.7,32.3
oyarzabal,59.0,23.0
oyarzabal,73.6,29.6
oyarzabal,69.8,26.6
oyarzabal,89.6,23.5
oyarzabal,79.8,17.3
oyarzabal,68.6,26.3
oyarzabal,55.1,30.0
oyarzabal,94.1,34.1
oyarzabal,77.7,39.8
oyarzabal,65.4,10.5
oyarzabal,66.5,54.1
oyarzabal,73.7,25.7
oyarzabal,77.7,44.6
oyarzabal,48.8,31.1
oyarzabal,84.4,42.1
oyarzabal,89.9,28.7
oyarzabal,69.1,22.7
oyarzabal,84.3,43.4
oyarzabal,73.8,41.2
oyarzabal,79.4,31.3
oyarzabal,78.5,16.0
oyarzabal,87.5,38.1
oyarzabal,55.6,25.1
oyarzabal,96.0,41.9
oyarzabal,83.3,44.5
oyarzabal,78.9,48.7
oyarzabal,96.0,32.2
oyarzabal,85.1,53.1
oyarzabal,97.6,41.3
oyarzabal,80.4,35.9
oyarzabal,63.2,35.4
oyarzabal,88.6,19.7
oyarzabal,73.3,24.6
oyarzabal,77.5,32.2
oyarzabal,62.5,56.9
oyarzabal,85.9,32.0
oyarzabal,95.7,32.1
oyarzabal,77.9,16.6
oyarzabal,78.6,28.4
oyarzabal,56.1,14.0
oyarzabal,75.3,21.9
oyarzabal,65.5,23.7
oyarzabal,51.1,17.6
oyarzabal,86.2,52.3
oyarzabal,68.5,17.5
oyarzabal,43.7,39.5
oyarzabal,84.4,26.3
oyarzabal,63.1,18.8
oyarzabal,91.3,28.9
oyarzabal,98.8,37.2
oyarzabal,75.7,32.3
oyarzabal,78.3,33.1
oyarzabal,67.1,36.5
oyarzabal,84.6,22.4
oyarzabal,73.1,35.9
oyarzabal,87.3,30.6
oyarzabal,89.4,31.6
oyarzabal,66.9,28.0
oyarzabal,77.2,23.0
oyarzabal,77.6,29.3
oyarzabal,78.2,15.9
oyarzabal,89.2,39.5
oyarzabal,102.1,38.8
oyarzabal,76.0,34.6
oyarzabal,60.1,41.0
oyarzabal,73.2,18.6
oyarzabal,91.5,11.8
oyarzabal,66.0,3.8
oyarzabal,97.3,27.2
oyarzabal,43.8,28.7
oyarzabal,99.6,47.7
oyarzabal,78.0,49.4
oyarzabal,84.6,30.2
oyarzabal,55.3,42.5
oyarzabal,53.7,13.8
oyarzabal,60.7,17.1
oyarzabal,81.3,41.0
oyarzabal,61.7,31.6
oyarzabal,85.0,37.3
oyarzabal,80.6,23.8
oyarzabal,68.3,30.4
oyarzabal,56.9,41.8
oyarzabal,64.9,41.6
oyarzabal,93.3,34.5
oyarzabal,88.2,52.0
oyarzabal,89.1,37.1
oyarzabal,79.2,34.5
oyarzabal,69.4,24.6
oyarzabal,50.8,44.3
oyarzabal,50.2,26.7
oyarzabal,87.9,30.4
oyarzabal,96.9,36.7
oyarzabal,61.9,28.1
oyarzabal,85.6,27.3
oyarzabal,77.6,25.2
oyarzabal,88.8,25.0
oyarzabal,88.4,22.1
oyarzabal,66.5,27.4
oyarzabal,70.7,27.2
oyarzabal,57.9,33.5
oyarzabal,64.5,23.9
oyarzabal,95.0,17.1
oyarzabal,84.1,32.4
oyarzabal,78.3,47.9
oyarzabal,96.7,32.3
oyarzabal,63.7,32.9
oyarzabal,87.5,49.9
oyarzabal,86.5,30.4
oyarzabal,74.9,46.6
oyarzabal,95.4,32.8
oyarzabal,44.2,36.0
oyarzabal,83.3,46.8
oyarzabal,90.4,25.3
oyarzabal,88.0,29.0
oyarzabal,52.4,30.9
oyarzabal,75.8,30.6
oyarzabal,90.1,30.8
oyarzabal,92.5,40.4
oyarzabal,95.8,30.2
oyarzabal,88.7,29.7
oyarzabal,79.2,37.9
oyarzabal,84.2,14.2
oyarzabal,75.8,33.2
oyarzabal,78.1,31.3
oyarzabal,72.8,56.1
oyarzabal,90.0,28.1
oyarzabal,95.3,29.0
oyarzabal,78.7,18.5
oyarzabal,70.5,25.0
oyarzabal,89.4,24.1
oyarzabal,73.9,21.3
oyarzabal,59.7,36.6
oyarzabal,70.3,22.1
oyarzabal,68.6,22.6
oyarzabal,79.6,26.9
oyarzabal,82.9,14.4
oyarzabal,83.6,32.2
oyarzabal,76.1,26.1
oyarzabal,83.3,32.1
oyarzabal,83.5,31.6
oyarzabal,70.1,33.7
oyarzabal,74.4,22.5
oyarzabal,87.1,26.4
oyarzabal,81.0,30.6
oyarzabal,98.2,36.2
oyarzabal,83.4,26.1
oyarzabal,69.3,30.5
oyarzabal,69.3,27.1
oyarzabal,75.4,48.6
oyarzabal,82.2,30.2
oyarzabal,74.6,25.2
oyarzabal,73.4,22.1
oyarzabal,95.4,34.2
oyarzabal,58.3,13.9
oyarzabal,92.6,31.7
oyarzabal,84.3,21.5
oyarzabal,82.2,42.0
oyarzabal,79.1,24.7
oyarzabal,52.1,20.1
oyarzabal,75.7,47.6
oyarzabal,66.3,14.8
oyarzabal,85.6,24.1
oyarzabal,68.9,6.5
oyarzabal,50.8,39.2
oyarzabal,60.6,30.8
oyarzabal,85.3,28.1
oyarzabal,85.4,39.1
oyarzabal,86.8,49.4
oyarzabal,69.7,25.2
oyarzabal,100.4,39.0
oyarzabal,72.2,19.1
oyarzabal,52.7,28.6
oyarzabal,87.1,3.5
oyarzabal,86.3,52.9
oyarzabal,82.8,46.2
oyarzabal,76.1,40.9
oyarzabal,100.4,63.3
oyarzabal,88.6,33.5
oyarzabal,86.6,37.2
oyarzabal,66.9,27.9
oyarzabal,90.6,28.0
oyarzabal,87.6,22.6
oyarzabal,85.2,41.3
oyarzabal,83.3,26.5
oyarzabal,84.9,22.7
oyarzabal,79.1,9.9
oyarzabal,72.8,47.0
oyarzabal,72.2,44.5
oyarzabal,85.7,22.7
oyarzabal,84.9,24.8
oyarzabal,85.5,53.4
oyarzabal,94.8,24.5
oyarzabal,96.6,31.6
oyarzabal,89.1,23.1
oyarzabal,91.9,50.9
oyarzabal,55.3,21.1
simon,4.3,30.3
simon,9.4,28.0
simon,19.8,34.0
simon,18.3,49.5
simon,18.0,55.8
simon,6.6,19.8
simon,6.7,32.7
simon,1.7,32.8
simon,1.6,37.8
simon,6.3,41.5
simon,7.7,39.5
simon,0.5,32.0
simon,0.5,39.1
simon,5.1,36.4
simon,4.7,36.7
simon,0.5,37.9
simon,26.4,38.4
simon,3.3,44.8
simon,16.4,38.3
simon,28.0,39.3
simon,2.5,27.4
simon,9.5,21.1
simon,3.0,28.7
simon,9.0,32.4
simon,5.8,19.1
simon,3.0,33.8
simon,4.8,34.0
simon,7.4,36.0
simon,10.4,29.8
simon,13.2,29.1
simon,11.3,44.2
simon,0.5,23.8
simon,8.6,42.2
simon,7.2,22.3
simon,2.7,28.8
simon,4.0,32.5
simon,0.5,28.6
simon,2.8,17.2
simon,25.8,52.5
simon,8.1,28.1
simon,3.0,27.9
simon,17.9,22.0
simon,8.7,39.0
simon,4.9,49.7
simon,8.4,31.1
simon,4.2,43.3
simon,8.6,22.4
simon,8.3,39.9
simon,2.1,49.4
simon,3.4,42.4
simon,7.0,27.7
simon,13.4,7.1
simon,9.1,34.8
simon,20.9,25.1
simon,4.4,23.2
simon,2.2,40.4
simon,17.9,49.1
simon,21.6,36.1
simon,0.5,50.2
simon,6.0,59.7
simon,27.4,41.5
simon,6.1,32.0
simon,6.7,27.6
simon,5.0,25.7
simon,3.9,42.9
simon,7.2,31.9
simon,3.9,35.3
simon,1.3,30.7
simon,0.5,32.7
simon,18.9,41.7
simon,9.5,25.9
simon,6.2,35.0
simon,4.1,36.8
simon,14.7,24.2
simon,25.7,52.1
simon,0.5,38.8
simon,2.6,40.8
simon,2.0,25.0
simon,17.7,28.6
simon,6.1,30.8
simon,6.6,6.1
simon,9.1,36.9
simon,0.5,25.5
simon,12.4,48.6
simon,7.9,40.5
simon,6.7,34.1
simon,5.6,37.5
simon,9.9,11.5
simon,16.7,32.0
simon,0.5,32.2
simon,22.1,24.2
simon,11.8,29.0
simon,1.6,28.4
simon,4.1,41.1
simon,14.8,43.4
simon,12.6,35.0
simon,0.5,37.4
simon,8.5,34.6
simon,21.2,47.0
simon,15.1,39.2
simon,12.8,28.0
simon,6.6,48.6
simon,2.6,49.1
simon,15.2,27.2
simon,7.5,40.7
simon,3.4,36.2
simon,3.8,30.1
simon,6.8,42.3
simon,2.1,33.3
simon,13.3,39.1
simon,4.3,43.1
simon,0.6,22.5
simon,14.0,49.7
simon,9.0,45.8
simon,8.5,31.8
simon,7.3,48.5
simon,13.3,22.0
simon,16.6,27.5
simon,9.0,40.0
simon,5.3,29.0
simon,7.0,33.9
simon,5.9,33.4
simon,16.8,34.9
simon,8.5,12.5
simon,12.8,29.4
simon,6.6,41.3
simon,6.1,35.1
simon,3.3,40.4
simon,27.2,39.4
simon,16.1,39.4
simon,3.1,28.3
simon,1.9,35.9
simon,8.1,36.8
simon,4.0,39.4
simon,3.9,37.1
simon,3.0,37.2
simon,1.5,21.7
simon,7.2,45.6
simon,3.4,14.2
simon,9.6,35.5
simon,30.5,50.4
simon,3.1,34.1
simon,7.2,29.6
simon,11.4,39.6
simon,2.1,45.4
simon,0.5,39.2
simon,0.5,42.4
simon,2.0,30.1
simon,6.5,37.2
simon,6.7,35.4
simon,1.2,32.6
simon,14.3,37.9
simon,2.8,40.3
simon,11.2,27.2
simon,1.3,26.4
simon,1.0,28.9
simon,24.3,34.4
simon,12.2,19.9
simon,19.7,41.6
simon,2.3,36.1
simon,15.3,38.5
simon,2.5,37.7
simon,9.1,26.0
simon,3.5,38.9
simon,7.7,43.7
simon,14.1,44.1
simon,0.5,41.7
simon,7.0,39.5
simon,2.2,47.5
simon,2.0,41.6
simon,4.7,18.9
simon,7.7,34.5
simon,2.0,32.8
simon,16.1,28.7
simon,9.1,32.8
simon,5.8,41.7
simon,20.7,38.7
simon,1.0,36.3
simon,5.9,29.3
simon,0.8,43.8
simon,0.5,39.5
simon,8.8,41.4
simon,0.5,41.1
simon,3.8,26.4
simon,27.9,33.7
simon,15.6,35.8
simon,8.1,29.8
simon,25.3,25.3
simon,2.9,35.7
simon,29.0,28.9
simon,6.6,30.6
simon,2.0,36.4
simon,24.5,19.7
simon,6.0,38.3
simon,4.2,31.6
simon,8.6,29.5
simon,2.7,41.6
simon,2.6,36.6
simon,22.9,23.2
simon,1.4,34.4
simon,2.9,41.9
simon,19.6,37.6
simon,22.5,31.0
simon,5.5,43.6
simon,14.8,30.9
simon,3.8,46.8
simon,5.4,22.8
simon,6.9,34.3
simon,5.8,41.9
simon,10.8,28.4
simon,9.3,48.0
simon,6.5,13.5
simon,21.0,39.2
simon,0.5,47.5
simon,27.3,35.7
simon,7.8,31.2
simon,3.2,43.7
simon,3.4,30.6
simon,7.0,22.9
simon,3.3,40.6
simon,0.5,32.9
simon,3.3,27.8
simon,0.5,26.4
simon,2.1,27.2
simon,3.9,30.6
simon,0.8,36.5
simon,6.0,22.6
simon,9.0,32.3
simon,7.2,28.1
simon,6.5,34.2
simon,1.0,41.8
simon,28.8,42.1
simon,14.0,29.4
simon,1.7,32.3
simon,8.2,27.2
simon,23.1,30.0
simon,8.0,42.3
simon,15.0,38.2
simon,5.7,27.5
simon,4.1,39.4
simon,0.5,30.0
simon,6.6,38.5
simon,5.2,31.3
simon,16.9,37.1
simon,5.2,34.4
simon,6.4,29.3
simon,21.0,48.1
simon,12.5,8.6
simon,0.5,39.7
simon,1.1,37.8
simon,5.3,40.2
simon,14.8,34.3
simon,3.4,37.2
simon,6.0,37.5
simon,4.0,47.0
simon,0.5,36.1
simon,2.2,38.0
simon,8.7,22.9
simon,23.8,29.1
simon,12.3,26.1
simon,0.5,29.9
simon,0.5,20.6
simon,9.5,42.6
simon,6.1,26.2
simon,9.5,34.6
simon,12.1,24.7
simon,5.4,32.0
simon,3.5,31.1
simon,7.5,38.3
simon,23.3,30.6
simon,5.3,35.6
simon,2.4,23.7
simon,9.1,46.8
simon,6.8,35.2
simon,3.7,34.8
simon,5.1,36.4
simon,1.8,35.5
simon,0.5,21.1
simon,9.4,57.8
simon,5.7,34.3
simon,10.4,23.3
simon,0.5,39.7
simon,10.6,38.6
simon,12.6,53.4
simon,2.9,32.9
simon,10.8,20.8
simon,12.4,32.6
simon,13.2,40.2
simon,9.8,47.9
simon,3.7,25.5
simon,0.5,30.6
simon,12.5,38.4
simon,5.5,42.8
simon,3.1,39.3
simon,14.6,41.0
simon,8.9,43.6
simon,1.0,51.6
simon,0.5,30.3
simon,4.7,46.1
simon,11.9,26.0
simon,22.4,18.3
simon,12.3,30.1
simon,7.3,35.9
simon,1.6,34.5
simon,6.7,24.7
simon,6.6,32.9
simon,1.9,42.4
simon,2.2,20.9
simon,7.8,26.3
simon,5.4,26.3
simon,23.1,36.0
simon,7.8,29.2
simon,1.2,33.3
simon,7.5,39.0
simon,24.9,37.4
simon,11.4,25.2
simon,11.6,23.3
simon,5.7,26.5
simon,17.6,34.1
simon,6.0,36.5
simon,3.8,42.6
simon,28.7,39.9
simon,5.8,38.5
simon,2.7,27.5
simon,9.6,39.4
simon,6.4,46.7
simon,4.4,40.3
simon,10.7,24.7
simon,8.6,38.7
simon,5.2,22.0
simon,2.2,40.7
simon,9.1,33.1
simon,4.2,44.5
simon,5.8,38.8
simon,8.1,19.7
simon,17.4,39.0
simon,12.8,28.6
simon,0.5,38.9
simon,3.0,27.2
simon,4.9,24.0
simon,5.5,34.1
simon,4.2,30.0
simon,10.4,34.6
simon,6.0,37.6
simon,2.3,32.2
simon,14.3,29.2
simon,25.4,15.0
simon,15.7,28.6
simon,6.2,39.4
simon,18.1,25.9
simon,0.9,38.6
simon,10.0,39.1
simon,24.1,26.9
simon,1.5,31.0
simon,21.0,30.6
simon,0.8,40.7
simon,10.1,26.4
simon,0.5,38.2
simon,14.9,44.5
simon,11.5,36.4
simon,9.8,26.8
simon,27.3,36.3
simon,4.4,38.6
simon,6.2,31.7
simon,5.8,40.4
simon,11.8,43.8
simon,10.6,40.8
simon,5.6,26.6
simon,4.4,29.3
simon,8.0,15.8
simon,3.8,38.6
simon,16.9,38.7
simon,6.6,23.6
simon,10.6,41.3
simon,10.2,36.4
simon,11.9,44.1
simon,10.2,22.9
simon,1.3,25.2
simon,4.4,22.2
simon,0.5,29.4
simon,21.1,30.7
simon,6.1,25.4
simon,5.6,38.3
simon,0.5,30.0
simon,3.5,36.9
simon,2.6,20.4
simon,10.2,49.6
simon,10.3,29.5
simon,8.1,23.3
simon,3.4,35.4
simon,8.1,47.5
simon,12.7,53.3
simon,21.5,31.3
simon,4.2,33.2
simon,11.3,32.8
simon,12.1,25.5
simon,26.9,29.0
simon,1.4,30.1
simon,2.7,21.7
simon,1.5,15.6
simon,10.0,39.0
simon,2.8,28.0
simon,10.6,25.9
simon,20.6,48.8
simon,19.3,34.4
simon,18.9,32.8
simon,22.0,27.2
simon,27.3,43.3
simon,4.6,43.7
simon,9.4,31.7
simon,0.8,24.2
simon,2.4,32.4
simon,4.5,52.8
simon,14.2,36.0
simon,10.3,50.4
simon,0.5,36.5
simon,13.8,33.4
simon,5.4,30.0
simon,1.0,42.8
simon,23.9,42.0
cubarsi,68.8,43.5
cubarsi,63.4,22.1
cubarsi,3.9,23.9
cubarsi,29.8,31.2
cubarsi,37.0,21.2
cubarsi,54.7,37.3
cubarsi,43.5,27.0
cubarsi,17.8,14.1
cubarsi,29.8,19.8
cubarsi,31.3,31.5
cubarsi,26.1,20.8
cubarsi,54.3,21.9
cubarsi,62.8,31.1
cubarsi,58.7,30.8
cubarsi,35.9,35.4
cubarsi,28.3,36.8
cubarsi,37.7,30.0
cubarsi,29.1,19.0
cubarsi,35.1,28.7
cubarsi,34.7,32.7
cubarsi,11.2,21.7
cubarsi,39.9,21.8
cubarsi,47.6,29.6
cubarsi,16.1,29.4
cubarsi,56.0,28.4
cubarsi,46.4,26.4
cubarsi,49.5,27.8
cubarsi,33.1,18.3
cubarsi,45.5,21.8
cubarsi,50.1,36.3
cubarsi,12.7,16.4
cubarsi,50.6,41.0
cubarsi,24.2,24.4
cubarsi,40.6,17.1
cubarsi,43.4,33.8
cubarsi,68.6,28.6
cubarsi,45.4,34.4
cubarsi,40.7,43.9
cubarsi,45.6,34.8
cubarsi,13.6,21.2
cubarsi,47.2,27.9
cubarsi,9.3,25.1
cubarsi,46.5,36.4
cubarsi,48.0,28.0
cubarsi,40.4,29.7
cubarsi,35.9,23.6
cubarsi,28.2,39.8
cubarsi,60.0,32.1
cubarsi,37.4,36.8
cubarsi,38.2,15.1
cubarsi,56.0,34.4
cubarsi,29.2,24.7
cubarsi,4.8,17.0
cubarsi,39.7,29.7
cubarsi,22.6,24.9
cubarsi,21.3,26.7
cubarsi,40.2,32.1
cubarsi,48.8,33.2
cubarsi,38.1,13.4
cubarsi,59.2,20.2
cubarsi,34.1,32.8
cubarsi,36.4,33.2
cubarsi,50.1,20.3
cubarsi,28.6,9.5
cubarsi,27.3,26.9
cubarsi,29.7,22.7
cubarsi,49.0,29.6
cubarsi,42.3,20.3
cubarsi,51.3,31.3
cubarsi,43.4,39.2
cubarsi,22.0,32.7
cubarsi,51.6,38.2
cubarsi,61.4,27.0
cubarsi,21.5,33.9
cubarsi,58.0,22.4
cubarsi,16.3,19.1
cubarsi,24.4,13.3
cubarsi,43.2,15.5
cubarsi,15.6,8.2
cubarsi,38.5,24.5
cubarsi,60.9,26.6
cubarsi,54.6,28.9
cubarsi,54.9,27.2
cubarsi,19.4,24.5
cubarsi,63.9,47.8
cubarsi,30.2,19.7
cubarsi,53.9,36.1
cubarsi,28.5,18.1
cubarsi,34.5,12.3
cubarsi,22.3,16.4
cubarsi,15.9,12.3
cubarsi,34.0,21.3
cubarsi,26.1,14.9
cubarsi,48.7,33.3
cubarsi,45.4,32.5
cubarsi,25.9,26.6
cubarsi,9.2,15.8
cubarsi,45.3,42.5
cubarsi,49.7,17.8
cubarsi,57.2,39.7
cubarsi,27.5,17.3
cubarsi,19.1,31.0
cubarsi,62.4,38.3
cubarsi,60.0,33.3
cubarsi,39.1,28.0
cubarsi,24.7,8.3
cubarsi,1.8,26.8
cubarsi,24.2,17.4
cubarsi,56.3,31.2
cubarsi,15.4,13.1
cubarsi,33.3,14.8
cubarsi,55.8,30.1
cubarsi,36.8,24.6
cubarsi,24.9,21.9
cubarsi,13.7,21.0
cubarsi,59.9,41.0
cubarsi,52.5,7.2
cubarsi,62.7,29.8
cubarsi,46.0,28.2
cubarsi,38.7,24.2
cubarsi,21.3,16.5
cubarsi,37.9,24.3
cubarsi,15.8,9.5
cubarsi,15.7,24.8
cubarsi,36.4,22.6
cubarsi,61.1,30.9
cubarsi,69.9,36.9
cubarsi,36.2,28.8
cubarsi,50.3,31.4
cubarsi,41.1,25.1
cubarsi,37.1,26.3
cubarsi,53.1,16.2
cubarsi,44.9,20.6
cubarsi,38.0,22.9
cubarsi,56.1,30.5
cubarsi,43.5,23.4
cubarsi,14.2,17.4
cubarsi,15.4,11.0
cubarsi,30.1,26.4
cubarsi,39.9,21.4
cubarsi,36.0,27.2
cubarsi,38.4,15.4
cubarsi,1.7,8.6
cubarsi,28.8,11.9
cubarsi,40.5,22.7
cubarsi,29.9,27.7
cubarsi,36.6,23.7
cubarsi,43.2,11.4
cubarsi,29.3,30.3
cubarsi,41.0,23.5
cubarsi,17.8,28.4
cubarsi,56.5,27.0
cubarsi,58.2,24.3
cubarsi,18.4,32.6
cubarsi,31.0,21.0
cubarsi,57.7,41.7
cubarsi,51.1,15.1
cubarsi,37.5,22.6
cubarsi,35.5,26.9
cubarsi,65.2,30.7
cubarsi,23.2,26.1
cubarsi,67.4,42.3
cubarsi,50.7,28.6
cubarsi,29.8,39.4
cubarsi,46.5,30.0
cubarsi,52.8,33.5
cubarsi,59.7,50.1
cubarsi,41.3,22.2
cubarsi,52.5,21.4
cubarsi,33.8,8.4
cubarsi,42.5,29.1
cubarsi,41.8,23.4
cubarsi,45.9,23.4
cubarsi,40.5,26.6
cubarsi,21.9,15.4
cubarsi,44.2,19.1
cubarsi,42.2,34.6
cubarsi,34.5,46.3
cubarsi,20.6,11.9
cubarsi,10.2,6.8
cubarsi,33.4,38.5
cubarsi,42.3,24.7
cubarsi,30.0,33.4
cubarsi,13.1,18.2
cubarsi,22.7,32.1
cubarsi,33.8,34.7
cubarsi,61.3,25.7
cubarsi,46.5,36.0
cubarsi,28.9,35.1
cubarsi,37.0,37.2
cubarsi,17.0,19.6
cubarsi,44.5,32.2
cubarsi,28.8,12.8
cubarsi,49.6,31.1
cubarsi,38.6,27.1
cubarsi,36.3,17.2
cubarsi,60.0,20.5
cubarsi,34.1,24.8
cubarsi,35.5,30.3
cubarsi,10.6,13.0
cubarsi,35.2,19.4
cubarsi,14.5,29.7
cubarsi,44.6,12.4
cubarsi,46.5,21.8
cubarsi,41.5,27.1
cubarsi,22.9,32.5
cubarsi,26.2,31.5
cubarsi,52.3,23.7
cubarsi,34.2,19.0
cubarsi,28.0,25.6
cubarsi,42.6,8.8
cubarsi,42.4,30.0
cubarsi,24.0,27.3
cubarsi,12.1,26.1
cubarsi,48.8,32.5
cubarsi,30.1,23.1
cubarsi,58.9,25.9
cubarsi,27.5,22.0
cubarsi,38.9,29.4
cubarsi,41.6,45.3
cubarsi,43.1,22.1
cubarsi,43.5,19.8
cubarsi,36.6,18.8
cubarsi,24.4,28.9
cubarsi,40.4,29.0
cubarsi,9.7,33.7
cubarsi,55.0,39.6
cubarsi,38.8,13.1
cubarsi,35.6,54.3
cubarsi,40.0,35.6
cubarsi,17.0,19.5
cubarsi,47.7,37.5
cubarsi,49.9,18.3
cubarsi,8.8,10.7
cubarsi,32.7,23.5
cubarsi,58.6,16.5
cubarsi,10.8,24.6
cubarsi,54.7,26.9
cubarsi,43.5,14.1
cubarsi,34.3,23.5
cubarsi,51.8,23.7
cubarsi,7.9,11.9
cubarsi,36.1,19.5
cubarsi,17.3,21.3
cubarsi,64.6,33.0
cubarsi,39.7,18.3
cubarsi,22.7,24.8
cubarsi,32.5,30.1
cubarsi,54.2,33.5
cubarsi,55.2,24.5
cubarsi,29.5,19.7
cubarsi,33.6,16.6
cubarsi,26.7,7.5
cubarsi,55.4,35.2
cubarsi,30.3,39.4
cubarsi,28.4,28.0
cubarsi,56.2,28.2
cubarsi,34.1,19.6
cubarsi,45.9,39.0
cubarsi,54.1,36.0
cubarsi,25.1,29.8
cubarsi,24.1,32.9
cubarsi,30.2,15.9
cubarsi,60.3,34.7
cubarsi,55.6,35.7
cubarsi,18.3,15.2
cubarsi,43.0,33.6
cubarsi,28.1,9.4
cubarsi,45.9,34.2
cubarsi,57.8,26.8
cubarsi,41.8,10.5
cubarsi,51.1,35.0
cubarsi,53.2,35.7
cubarsi,38.0,30.8
cubarsi,58.4,30.7
cubarsi,61.7,35.6
cubarsi,11.7,26.8
cubarsi,19.1,32.5
cubarsi,42.8,35.2
cubarsi,75.0,39.0
cubarsi,4.3,13.8
cubarsi,26.6,26.0
cubarsi,27.8,22.9
cubarsi,48.3,20.9
cubarsi,30.7,20.0
cubarsi,50.2,29.1
cubarsi,30.8,18.8
cubarsi,58.6,32.6
cubarsi,34.3,19.4
cubarsi,22.5,6.2
cubarsi,61.5,30.2
cubarsi,50.9,38.2
cubarsi,27.5,26.7
cubarsi,37.5,20.1
cubarsi,48.3,12.0
cubarsi,32.0,20.9
cubarsi,27.7,14.7
cubarsi,17.6,18.0
cubarsi,54.8,24.1
cubarsi,42.8,44.2
cubarsi,32.2,15.4
cubarsi,22.2,22.1
cubarsi,58.5,23.1
cubarsi,33.3,32.9
cubarsi,64.3,32.9
cubarsi,40.3,16.3
cubarsi,45.6,18.3
cubarsi,35.9,21.6
cubarsi,18.6,33.0
cubarsi,24.2,17.8
cubarsi,55.2,46.0
cubarsi,30.6,24.7
cubarsi,23.9,40.7
cubarsi,12.6,23.9
cubarsi,23.6,22.8
cubarsi,26.0,11.4
cubarsi,38.4,18.9
cubarsi,44.8,28.1
cubarsi,36.2,25.2
cubarsi,32.9,34.9
cubarsi,69.1,20.2
cubarsi,27.0,41.3
cubarsi,19.7,30.0
cubarsi,33.3,29.9
cubarsi,46.1,15.9
cubarsi,38.3,16.9
cubarsi,26.0,19.5
cubarsi,43.9,31.4
cubarsi,32.2,36.7
cubarsi,23.3,26.1
cubarsi,60.4,27.5
cubarsi,40.0,34.1
cubarsi,11.9,20.9
cubarsi,59.3,22.2
cubarsi,42.5,33.2
cubarsi,38.1,31.1
cubarsi,54.3,32.3
cubarsi,42.2,11.1
cubarsi,53.0,25.0
cubarsi,69.3,42.2
cubarsi,34.3,31.7
cubarsi,19.9,29.4
cubarsi,59.1,36.4
cubarsi,42.3,22.9
cubarsi,34.2,26.8
cubarsi,57.3,27.5
cubarsi,30.7,26.8
cubarsi,24.0,34.3
cubarsi,17.0,29.3
cubarsi,30.1,20.2
cubarsi,31.7,5.6
cubarsi,29.8,27.2
cubarsi,25.3,22.9
cubarsi,47.4,21.4
cubarsi,45.6,28.2
cubarsi,9.0,16.8
cubarsi,35.1,19.8
cubarsi,12.3,33.2
cubarsi,19.3,14.7
cubarsi,16.0,31.5
cubarsi,40.1,26.1
cubarsi,31.8,22.2
cubarsi,56.5,23.8
cubarsi,43.1,18.8
cubarsi,26.7,9.5
cubarsi,28.1,31.9
cubarsi,58.3,29.6
cubarsi,25.4,20.7
cubarsi,18.2,34.2
cubarsi,58.9,23.2
cubarsi,25.1,32.5
cubarsi,45.0,30.0
cubarsi,59.7,24.6
cubarsi,31.5,15.7
cubarsi,37.6,19.8
cubarsi,32.2,29.4
cubarsi,40.6,28.6
cubarsi,24.0,38.9
cubarsi,32.0,31.9
cubarsi,48.9,22.0
cubarsi,42.8,34.7
cubarsi,31.1,16.4
cubarsi,36.4,30.5
cubarsi,21.4,20.0
cubarsi,53.6,24.3
cubarsi,31.3,28.2
cubarsi,54.8,23.7
cubarsi,62.6,44.2
cubarsi,16.3,20.7
cubarsi,3.8,31.2
cubarsi,11.8,22.7
cubarsi,45.1,33.1
cubarsi,45.1,24.4
cubarsi,22.8,9.6
cubarsi,49.1,33.7
cubarsi,35.5,12.3
cubarsi,47.2,24.3
cubarsi,38.4,17.5
cubarsi,26.5,31.6
cubarsi,45.6,32.2
cubarsi,64.4,17.5
cubarsi,28.9,24.2
cubarsi,33.8,34.8
cubarsi,50.7,21.9
cubarsi,42.7,10.1
cubarsi,57.8,22.1
cubarsi,28.6,23.1
cubarsi,41.1,11.2
cubarsi,23.3,16.1
cubarsi,20.9,13.8
cubarsi,46.2,31.2
cubarsi,27.1,13.0
cubarsi,38.1,18.2
cubarsi,32.9,29.1
cubarsi,63.9,27.9
cubarsi,34.4,26.7
cubarsi,20.6,22.9
cubarsi,50.7,21.5
cubarsi,28.4,29.6
cubarsi,32.5,13.3
olmo,79.8,18.9
olmo,59.7,43.3
olmo,66.7,42.3
olmo,65.9,40.2
olmo,82.7,21.6
olmo,68.0,31.4
olmo,56.6,50.9
olmo,72.9,24.7
olmo,60.4,41.5
olmo,69.3,35.7
olmo,58.4,37.9
olmo,38.6,41.1
olmo,76.1,13.5
olmo,80.9,28.4
olmo,82.5,18.5
olmo,60.5,43.1
olmo,89.8,41.7
olmo,72.5,26.7
olmo,63.5,42.8
olmo,89.6,40.2
olmo,59.8,39.6
olmo,70.5,12.1
olmo,50.4,27.1
olmo,68.6,31.9
olmo,74.3,27.2
olmo,46.5,36.1
olmo,92.4,25.0
olmo,60.3,33.9
olmo,67.3,27.6
olmo,86.3,53.6
olmo,61.9,22.4
olmo,74.5,33.6
olmo,93.0,18.8
olmo,74.6,35.3
olmo,80.2,25.6
olmo,78.0,31.9
olmo,73.8,44.1
olmo,78.3,27.7
olmo,79.3,22.3
olmo,85.5,26.1
olmo,55.9,40.1
olmo,73.7,42.1
olmo,65.9,30.7
olmo,90.2,12.0
olmo,81.6,45.2
olmo,56.7,35.6
olmo,77.4,30.9
olmo,89.7,30.6
olmo,85.6,43.4
olmo,74.1,20.9
olmo,59.1,43.6
olmo,58.8,38.5
olmo,48.2,40.7
olmo,78.3,33.3
olmo,62.6,27.3
olmo,84.2,40.3
olmo,66.2,43.5
olmo,48.3,35.1
olmo,55.3,37.6
olmo,47.9,39.8
olmo,83.3,22.3
olmo,77.0,26.6
olmo,58.5,33.0
olmo,72.8,28.0
olmo,92.3,41.1
olmo,74.1,34.1
olmo,60.2,42.0
olmo,86.6,44.3
olmo,71.3,12.7
olmo,64.6,33.6
olmo,57.2,32.2
olmo,79.5,31.7
olmo,78.4,33.3
olmo,90.4,42.4
olmo,78.5,40.9
olmo,47.9,27.4
olmo,81.6,31.6
olmo,65.8,45.2
olmo,73.8,34.6
olmo,77.6,39.2
olmo,92.8,48.1
olmo,72.8,26.5
olmo,85.7,37.0
olmo,71.4,27.0
olmo,60.4,35.5
olmo,75.7,28.1
olmo,65.2,39.7
olmo,78.7,38.3
olmo,61.9,36.2
olmo,65.7,48.3
olmo,96.2,31.7
olmo,58.3,36.6
olmo,79.2,41.2
olmo,71.4,28.2
olmo,65.4,32.9
olmo,60.4,42.0
olmo,52.2,35.5
olmo,65.5,41.5
olmo,77.0,33.9
olmo,78.2,21.4
olmo,82.6,24.5
olmo,71.3,24.7
olmo,72.0,39.9
olmo,71.8,39.5
olmo,32.1,20.4
olmo,77.5,17.4
olmo,43.3,40.4
olmo,52.5,37.8
olmo,51.9,43.6
olmo,88.0,42.5
olmo,57.5,32.2
olmo,59.2,32.8
olmo,88.8,30.9
olmo,66.1,32.3
olmo,58.2,40.6
olmo,88.7,43.8
olmo,83.7,34.5
olmo,83.3,20.9
olmo,70.2,39.0
olmo,53.5,37.9
olmo,64.9,46.4
olmo,58.1,27.4
olmo,77.3,53.5
olmo,66.8,36.4
olmo,83.4,21.6
olmo,77.1,42.1
olmo,66.0,48.2
olmo,59.7,50.1
olmo,71.7,29.7
olmo,73.7,32.5
olmo,71.0,42.9
olmo,83.6,27.2
olmo,96.0,50.2
olmo,69.4,34.1
olmo,67.3,31.1
olmo,86.0,35.8
olmo,55.6,26.7
olmo,84.7,43.4
olmo,64.0,29.6
olmo,49.5,38.8
olmo,81.6,34.5
olmo,87.3,32.6
olmo,74.9,31.5
olmo,69.4,30.1
olmo,62.7,37.1
olmo,71.0,28.0
olmo,83.8,32.5
olmo,71.1,25.0
olmo,82.3,22.9
olmo,58.4,19.7
olmo,98.0,19.6
olmo,65.6,53.9
olmo,72.5,21.6
olmo,79.2,41.0
olmo,69.3,32.4
olmo,92.1,47.4
olmo,69.4,41.8
olmo,75.6,32.3
olmo,95.5,25.9
olmo,88.9,29.2
olmo,86.3,27.7
olmo,70.8,33.0
olmo,71.9,20.5
olmo,89.0,39.4
olmo,57.0,34.8
olmo,80.8,45.9
olmo,64.1,43.5
olmo,58.5,47.6
olmo,74.1,47.9
olmo,95.2,33.0
olmo,72.5,25.6
olmo,73.3,32.5
olmo,52.1,43.2
olmo,65.4,44.8
olmo,87.8,21.1
olmo,71.8,33.9
olmo,76.6,43.7
olmo,74.8,49.1
olmo,78.2,20.8
olmo,67.0,45.4
olmo,76.2,31.8
olmo,78.2,25.2
olmo,65.8,45.0
olmo,82.4,25.9
olmo,60.0,53.0
olmo,68.4,37.8
olmo,70.6,54.9
olmo,60.6,34.3
olmo,83.1,32.5
olmo,83.8,48.3
olmo,54.6,48.6
olmo,62.1,34.3
olmo,82.5,37.7
olmo,42.6,57.9
olmo,81.5,13.0
olmo,80.9,44.7
olmo,74.5,33.4
olmo,85.8,40.5
olmo,53.9,41.6
olmo,69.2,42.2
olmo,74.9,22.3
olmo,71.4,38.4
olmo,73.4,19.7
olmo,68.1,35.5
olmo,57.8,41.0
olmo,83.0,33.6
olmo,68.7,42.2
olmo,81.8,48.7
olmo,62.0,56.7
olmo,55.0,34.8
olmo,60.0,42.3
olmo,35.1,53.7
olmo,64.0,48.2
olmo,53.6,47.8
olmo,67.3,37.2
olmo,84.9,27.6
olmo,66.2,53.3
olmo,84.8,55.8
olmo,78.3,16.0
olmo,64.0,28.1
olmo,62.7,41.3
olmo,73.9,15.0
olmo,68.8,48.7
olmo,55.1,39.2
olmo,46.4,45.6
olmo,61.8,43.4
olmo,72.2,47.9
olmo,73.2,16.4
olmo,87.0,27.2
olmo,65.9,30.0
olmo,70.4,18.3
olmo,79.7,32.6
olmo,88.2,24.9
olmo,70.8,35.0
olmo,58.9,17.1
olmo,84.8,28.2
olmo,73.0,37.5
olmo,63.6,38.7
olmo,79.7,47.6
olmo,89.2,19.5
olmo,82.2,22.9
olmo,64.3,39.3
olmo,66.2,25.1
olmo,63.5,49.2
olmo,77.9,26.6
olmo,58.9,41.5
olmo,74.1,34.9
olmo,73.3,21.3
olmo,62.1,43.6
olmo,89.7,36.9
olmo,77.0,37.8
olmo,73.9,34.2
olmo,81.6,34.4
olmo,41.9,48.7
olmo,76.7,32.2
olmo,72.7,39.4
olmo,71.5,18.3
olmo,64.8,36.7
olmo,58.4,40.4
olmo,70.1,12.7
olmo,89.4,48.0
olmo,63.5,35.1
olmo,36.2,51.8
olmo,82.4,38.9
olmo,82.3,53.6
olmo,56.3,28.2
olmo,87.2,47.4
olmo,58.7,47.2
olmo,48.5,50.3
olmo,68.0,32.1
olmo,64.9,53.4
olmo,88.4,31.7
olmo,49.3,39.7
olmo,62.3,40.2
olmo,71.4,23.1
olmo,74.2,51.0
olmo,75.2,27.1
olmo,85.2,38.8
olmo,74.9,39.6
olmo,82.2,26.3
olmo,73.5,37.9
olmo,64.6,38.3
olmo,76.6,29.7
olmo,74.9,25.0
olmo,72.6,32.8
olmo,56.2,35.4
olmo,71.4,21.9
olmo,80.2,39.8
olmo,91.3,44.6
olmo,66.2,36.8
olmo,75.1,42.0
olmo,79.2,27.8
olmo,62.1,48.3
olmo,84.1,9.8
olmo,68.2,44.7
olmo,76.4,45.1
olmo,48.4,32.2
olmo,88.4,34.3
olmo,45.3,36.8
olmo,75.0,29.0
olmo,56.2,37.8
olmo,89.8,31.3
olmo,88.3,22.1
olmo,83.3,23.4
olmo,91.4,47.6
olmo,78.1,28.8
olmo,67.1,36.6
olmo,67.9,32.8
olmo,72.8,38.2
olmo,70.9,33.6
olmo,81.3,29.0
olmo,58.8,37.3
olmo,51.4,47.6
olmo,86.3,32.4
olmo,84.8,23.8
olmo,86.8,30.1
olmo,74.5,41.4
olmo,62.8,44.2
olmo,77.5,34.8
olmo,73.0,42.4
olmo,78.7,26.8
olmo,78.2,28.8
olmo,92.8,48.9
olmo,76.0,40.1
olmo,54.2,36.9
olmo,69.7,49.5
olmo,66.2,25.4
olmo,73.7,29.0
olmo,87.0,31.3
olmo,77.0,24.1
olmo,78.8,42.8
olmo,52.6,41.4
olmo,66.8,29.7
olmo,36.1,50.7
olmo,47.3,36.2
olmo,68.7,34.5
olmo,67.8,23.5
olmo,80.0,33.0
olmo,51.5,48.4
olmo,56.3,32.4
olmo,65.1,44.3
olmo,86.6,38.1
olmo,80.7,41.1
olmo,56.7,30.1
olmo,79.3,22.8
olmo,72.7,37.7
olmo,66.7,15.9
olmo,81.2,20.1
olmo,47.8,41.5
olmo,80.2,29.2
olmo,62.4,35.5
olmo,91.6,15.7
olmo,58.3,37.5
olmo,73.8,33.4
olmo,65.9,47.9
olmo,86.7,43.1
olmo,50.9,28.8
olmo,88.5,49.7
olmo,66.7,59.1
olmo,83.6,44.1
olmo,49.7,38.5
olmo,77.7,34.7
olmo,53.9,44.3
olmo,91.4,29.9
olmo,69.3,52.4
olmo,69.1,54.1
olmo,69.1,26.6
olmo,90.7,40.0
olmo,57.4,33.4
olmo,55.1,46.2
olmo,86.3,18.6
olmo,73.4,22.0
olmo,65.7,25.1
olmo,63.8,32.5
olmo,77.0,16.3
olmo,57.6,43.7
olmo,64.7,42.2
olmo,50.6,40.5
olmo,66.9,42.9
olmo,59.7,23.6
olmo,62.3,45.3
olmo,83.1,38.0
olmo,70.4,38.9
olmo,82.4,45.2
olmo,60.2,41.0
olmo,70.8,25.5
olmo,73.5,51.2
olmo,71.1,36.2
olmo,83.1,44.2
olmo,58.7,36.9
olmo,58.6,40.9
olmo,65.6,41.5
olmo,51.9,39.9
olmo,70.1,43.9
olmo,71.9,25.9
olmo,69.2,34.0
olmo,78.3,40.0
olmo,98.9,26.0
olmo,69.3,36.9
olmo,87.2,26.7
olmo,62.3,48.3
olmo,82.6,15.2
olmo,68.3,31.9
olmo,84.8,31.6
olmo,60.0,57.8
olmo,85.6,38.1
olmo,74.0,44.0
olmo,81.7,38.6
olmo,84.5,33.4
olmo,54.6,38.3
olmo,86.9,31.9
olmo,63.3,36.3
olmo,75.1,34.7
olmo,50.6,34.4
olmo,57.9,53.1
olmo,73.8,32.1
olmo,82.6,29.8
olmo,55.0,58.9
olmo,63.2,45.0
olmo,84.2,14.0
